{"formN": {"Spain": 79.5, "Argentina": 75.2, "France": 84.6, "England": 94.9, "Brazil": 37.6, "Portugal": 66.7, "Colombia": 35.0, "Netherlands": 71.8, "Ecuador": 31.6, "Germany": 76.9, "Norway": 97.4, "Croatia": 79.5, "Turkey": 75.6, "Japan": 70.3, "Belgium": 71.8, "Uruguay": 22.2, "Switzerland": 66.7, "Mexico": 56.4, "Senegal": 68.7, "Paraguay": 24.8, "Austria": 75.6, "Morocco": 100.0, "Canada": 53.8, "Scotland": 53.8, "Australia": 58.3, "Iran": 55.8, "Algeria": 76.9, "South Korea": 67.9, "Czechia": 42.6, "Panama": 55.9, "United States": 48.7, "Uzbekistan": 49.4, "Sweden": 0.0, "Egypt": 64.6, "Ivory Coast": 82.6, "Jordan": 30.1, "DR Congo": 60.9, "Tunisia": 52.8, "Iraq": 56.8, "Bosnia-Herzegovina": 35.4, "Cape Verde": 52.8, "Saudi Arabia": 23.1, "New Zealand": 41.0, "Haiti": 33.3, "South Africa": 34.9, "Ghana": 43.6, "Curacao": 45.6, "Qatar": 7.7}, "formScore": {"Spain": 0.127, "Argentina": 0.104, "France": 0.155, "England": 0.21, "Brazil": -0.1, "Portugal": 0.057, "Colombia": -0.114, "Netherlands": 0.085, "Ecuador": -0.132, "Germany": 0.113, "Norway": 0.224, "Croatia": 0.127, "Turkey": 0.106, "Japan": 0.077, "Belgium": 0.085, "Uruguay": -0.183, "Switzerland": 0.057, "Mexico": 0.002, "Senegal": 0.069, "Paraguay": -0.169, "Austria": 0.106, "Morocco": 0.238, "Canada": -0.012, "Scotland": -0.012, "Australia": 0.012, "Iran": -0.002, "Algeria": 0.113, "South Korea": 0.064, "Czechia": -0.073, "Panama": -0.001, "United States": -0.04, "Uzbekistan": -0.036, "Sweden": -0.304, "Egypt": 0.046, "Ivory Coast": 0.144, "Jordan": -0.141, "DR Congo": 0.026, "Tunisia": -0.018, "Iraq": 0.004, "Bosnia-Herzegovina": -0.112, "Cape Verde": -0.018, "Saudi Arabia": -0.179, "New Zealand": -0.081, "Haiti": -0.123, "South Africa": -0.115, "Ghana": -0.068, "Curacao": -0.056, "Qatar": -0.262}, "last12": {"Spain": 0.7222222222222222, "Argentina": 0.8611111111111112, "France": 0.7777777777777778, "England": 0.7777777777777778, "Brazil": 0.6388888888888888, "Portugal": 0.75, "Colombia": 0.6111111111111112, "Netherlands": 0.6944444444444444, "Ecuador": 0.5, "Germany": 0.75, "Norway": 0.8055555555555556, "Croatia": 0.6944444444444444, "Turkey": 0.7777777777777778, "Japan": 0.6666666666666666, "Belgium": 0.7777777777777778, "Uruguay": 0.4722222222222222, "Switzerland": 0.6944444444444444, "Mexico": 0.6111111111111112, "Senegal": 0.6944444444444444, "Paraguay": 0.5, "Austria": 0.7777777777777778, "Morocco": 0.8333333333333334, "Canada": 0.5833333333333334, "Scotland": 0.6111111111111112, "Australia": 0.6111111111111112, "Iran": 0.5833333333333334, "Algeria": 0.75, "South Korea": 0.6944444444444444, "Czechia": 0.6111111111111112, "Panama": 0.5555555555555556, "United States": 0.5277777777777778, "Uzbekistan": 0.5555555555555556, "Sweden": 0.4166666666666667, "Egypt": 0.5833333333333334, "Ivory Coast": 0.7777777777777778, "Jordan": 0.4722222222222222, "DR Congo": 0.6666666666666666, "Tunisia": 0.3888888888888889, "Iraq": 0.6666666666666666, "Bosnia-Herzegovina": 0.5, "Cape Verde": 0.5555555555555556, "Saudi Arabia": 0.4444444444444444, "New Zealand": 0.19444444444444445, "Haiti": 0.4444444444444444, "South Africa": 0.5277777777777778, "Ghana": 0.3888888888888889, "Curacao": 0.4444444444444444, "Qatar": 0.2222222222222222}, "qual": {"Spain": 0.8888888888888888, "Argentina": 0.7037037037037037, "France": 0.8888888888888888, "England": 1.0, "Brazil": 0.5185185185185185, "Portugal": 0.7222222222222222, "Colombia": 0.5185185185185185, "Netherlands": 0.8333333333333334, "Ecuador": 0.5925925925925926, "Germany": 0.8333333333333334, "Norway": 1.0, "Croatia": 0.9166666666666666, "Turkey": 0.7916666666666666, "Japan": 0.8444444444444444, "Belgium": 0.75, "Uruguay": 0.5185185185185185, "Switzerland": 0.7777777777777778, "Mexico": 0.75, "Senegal": 0.8, "Paraguay": 0.5185185185185185, "Austria": 0.7916666666666666, "Morocco": 1.0, "Canada": 0.75, "Scotland": 0.7222222222222222, "Australia": 0.7708333333333334, "Iran": 0.7708333333333334, "Algeria": 0.8333333333333334, "South Korea": 0.7916666666666666, "Czechia": 0.6, "Panama": 0.8, "United States": 0.75, "Uzbekistan": 0.7291666666666666, "Sweden": 0.3333333333333333, "Egypt": 0.8666666666666667, "Ivory Coast": 0.8666666666666667, "Jordan": 0.6041666666666666, "DR Congo": 0.7435897435897436, "Tunisia": 0.9333333333333333, "Iraq": 0.6984126984126984, "Bosnia-Herzegovina": 0.6333333333333333, "Cape Verde": 0.7666666666666667, "Saudi Arabia": 0.5555555555555556, "New Zealand": 1.0, "Haiti": 0.6666666666666666, "South Africa": 0.6, "Ghana": 0.8333333333333334, "Curacao": 0.8, "Qatar": 0.6111111111111112}}